{"cameraMode":{"drawMode":0,"name":"Shaded","section":"Shading Mode"},"sceneLighting":true,"audioPlay":false,"sceneViewState":{"showFog":true,"showMaterialUpdate":false,"showSkybox":true,"showFlares":true,"showImageEffects":true,"showParticleSystems":true},"in2DMode":false,"pivot":{"x":-5.580682754516602,"y":-5.9551310539245609,"z":15.678295135498047},"rotation":{"x":0.2172304391860962,"y":-0.01435221079736948,"z":0.003194360760971904,"w":0.9760096669197083},"size":44.50311279296875,"orthographic":false}